Workbook

Sheet Data
B1: Fettine panate + spinaci | C1: Pollo al forno e patate | D1: Lenticchie e feta | E1: Frittata di zucchine | F1: Spezzatine e purè | G1: Salmone croccantino con pistacchio
B2: Polpette di carne e fagiolini | C2: Pollo al limone e pak choi | D2: Pizzette di melanzane | E2: Patate, broccolo e salsiccia | F2: Orate al forno con patate | G2: Pasta e fagioli
B3: Frittata di patate | C3: Salmone mostarda e miele con contorno di fagiolini | D3: Pollo al forno con patate | E3: Lenticchie e feta | F3: Vellutata di porro e cavolo nero | G3: Bistecchina al pepe e pakchoi
B4: Frittata di patate | C4: Polpette al sugo | D4: Pizzette di melanzane | E4: Bocconcini di pollo al limone e patate al forno | F4: Salmone croccantino con pistacchio | G4: Patate, broccolo e salsiccia | H4: Pasta e fagioli | I4: Zuppa di ceci alla Lucia
B5: Fettine panate e fagiolini | C5: Orate al forno e patate | D5: Frittata di zucchine o patate | E5: Risotto allo zafferano | F5: Fonduta con crudité? | G5: Pollo al forno e patate | H5: Lenticchie con feta
B6: Pizzette di melanzane | C6: Salmone croccantino con pistacchio | D6: Bocconcini di pollo al limone e patate al forno | E6: Serata hamburger | F6: Vellutata di cavolo nero | G6: Polenta e salsiccia | H6: Pollo al curry
B7: Patate, broccolo e salsiccia! | C7: Frittata di zucchine | D7: Fettine di vitello panate e patate | E7: Orate al forno e patate | F7: Pasta e fagioli | G7: Zuppa di ceci alla Lucia | H7: Fonduta?
B8: Orate al forno o salmone croccantino e patate | C8: Zuppa di carote | D8: Papate, broccolo e salsiccia | E8: Frittata di zucchine | F8: Pollo alla Giorgio | G8: Lenticchie (con feta?) | H8: Polpette di carne e pane oppure senza pane
B9: Orate al forno o salmone croccantino e patate | C9: Zuppa di carote | D9: Papate, broccolo e salsiccia | E9: Frittata di zucchine | F9: Pollo al limone (con anche riso?) | G9: Jackfruit al curry | H9: Polpette di carne e pane oppure senza pane
B10: Orate al forno con patate | C10: Fettine panate e fagiolini | D10: Frittata di patate | E10: Pollo al forno | F10: Risotto zucchine e zafferano | G10: Vellutata di cavolfiore e carote | H10: Serata hamburger
B11: Cotolette di vitello! | C11: Salmone mostarda al miele e patate | D11: Zuppa di carote (la abbiamo già) | E11: Patate, broccolo e salsiccia(se po' fa?) altrimenti polenta con salsiccia | F11: Risotto ai piselli | G11: Pollo alla Giorgio
B12: Pollo al limone leggermente diverso | C12: Salmone croccantino e patate | D12: Serata burger | E12: Frittata di zucchine | F12: Zuppa di carote come la fai tu | G12: pizzette di melanzane | H12: Spezzatino alla birra senza glutine e purè
B13: Petti di pollo al limone con patate | C13: Orate al forno | D13: Polenta al sugo con salsiccia | E13: Polpette di zucchine | F13: Fettine panate e purè | G13: Cose ancora da fare coi funghi: frittata e/o risotto
B14: Salmone con mostarda al miele | C14: Fettina di vitello panata, contorno: fagiolini | D14: Frittata di patate | E14: Risotto al vino rosso | F14: Bocconcini di pollo al limone con patate al forno | G14: Serata hamburger
B15: polli da fare al forno con patate per natale | C15: quelli tipo bastoncini di pesce | D15: Frittata di zucchine | E15: Bistecchina al pepe e fagiolini | F15: Salmone panato croccante (ricetta dell'altra volta ma meglio spero) | G15: Una zuppa di qualcosa? | H15: Jackfruit al curry | I15: Pollo al curry Thai
B16: Polenta al sugo con salsiccia | C16: Pollo alla Giorgio | D16: Frittata di patate | E16: Orate al forno e patate | F16: Melanzane con melograno (ho visto che è considerato low in FODMAP) e un formaggio senza lattosio | G16: Fettine di vitello panate e fagiolini (pochi)
B17: Pizzette di melanzane | C17: Spezzatino e purè | D17: Bastoncini di pesce (dove trovo quelli con panatura no gluten?) | E17: Tacchino panato e fagiolini | F17: Frittata ai funghi e formaggio | G17: Minestrone passato?
B18: Frittata di patate | C18: Salmone con mostarda e fagiolini | D18: Cotolette di vitello | E18: Polenta al sugo con salsiccia | F18: Polpette di zucchine | G18: Fonduta con crudité
B19: Pizzette di melanzane | C19: Pollo al forno | D19: Frittata di patate o di zucchine | E19: Tonno e fagioli oppure pasta e fagioli (dovremmo già avere della pastina glutenfree) | F19: Tacchino impanato e asparagi? | G19: Patate, salsiccia e broccoli | H19: Polpette di carne
B20: Polenta al sugo con salsiccia | C20: Salmone con mostarda e patate al forno | D20: Pollo alla Giorgio | E20: Polpette di zucchine | F20: Zuppa di cipolle (?) | G20: Serata hamburger | H20: Mozzarella di bufala di Novitalia, prosciutto e pomodorini
B21: Pollo arrosto (verdura da aggiungere) | C21: Orate al forno e patate | D21: Pizzette di melanzane | E21: Bistecchina al pepe e pakchoi | F21: Frittata ai funghi | G21: Insalata con pomodori e mozzarella
B22: carne e verdura per hot pot | C22: pollo arrosto e patate | D22: lenticchie con feta + insalata di pomodori | E22: pizzette di melanzane | F22: tonno e fagioli | G22: bistecchina al vino + broccolo al vapore in salsa yogurt | H22: Bastoncini di pesce e spinaci
B23: Orate al forno con patate | C23: Gyoza in salsa Jay | D23: Zuppa di ceci | E23: Risotto ai funghi | F23: Tacchino impanato e asparagi | G23: Tofu scramble | H23: Una bella zuppa tipo vellutata con porro e patate o piselli e menta | I23: Qualcosa con melanzane e feta (tipo ricetta dal libro whole cooking?)
B24: Cosi di pasta sfoglia con cipolle caramellate e formaggio di capra | D24: Tortino di riso | E24: Pollo al forno | F24: Bastoncini di pesce con friarelli | G24: Dal di lenticchie | H24: Spezzatino e puré, oppure polpette al pane | I24: gyoza con salsa consigliata da Jay
B25: Cosi di pasta sfoglia con cipolle caramellate e formaggio di capra | D25: Tortino di riso
B26: Broccolo al vapore con salsa yogurt | C26: Qualcosa coi funghi tipo frittata | D26: Zucchine ripiene | E26: Salmone con mostarda al miele | F26: Zuppa di ceci oppure quella porro e patate | G26: Tacchino impanato | H26: Pomodori al gratin | I26: Tofu scrumble
B27: Spezzatino con purè | C27: Quello che abbiamo mangiato da Thom | D27: Insalata di riso | E27: Broccolo con salsa yogurt | F27: Zuppa di ceci buona che fai tu | G27: Bastoncini di pesce
B28: Orate al forno | C28: Cavolfiore con salsa al burro di arachidi | D28: Tacchino impanato e fagiolini | E28: Zuppa di porro e patate (o simile) | F28: Carne rossa fatta col vino | G28: Lenticchie (o normali o quelle arancioni)

Sheet Ricette
A1: Main Course | B1: Category | C1: Requires side | D1: Glutenfree | E1: Vegetarian | F1: Vegan | H1: Side
A2: Arepe di pollo e avocado | B2: carne bianca | C2: Sì | D2: Sì | E2: No | F2: No | H2: asparagi croccantini | S2: carne rossa | T2: Sì
A3: Bastoncini di pesce | B3: pesce | C3: Sì | D3: Sì | E3: No | F3: No | H3: fagiolini | S3: carne bianca | T3: No
A4: Bistecchina al pepe | B4: carne rossa | C4: Sì | D4: Sì | E4: No | F4: No | H4: friarelli | S4: pesce
A5: Bollito di carne con salsa nonna Gianna | B5: carne rossa | C5: Sì | D5: Sì | E5: No | F5: No | H5: insalata di pomodori | S5: uova
A6: Broccolo al vapore in salsa yogurt | B6: altro | C6: No | D6: Sì | E6: Sì | H6: pak choi | S6: legumi
A7: Caprese con prosciutto e melone | B7: altro | C7: No | D7: Sì | E7: Sì | F7: No | H7: spinaci | S7: altro
A8: Carne e verdura per hot pot | B8: carne rossa | C8: No | D8: Sì | E8: No | F8: No | H8: piselli
A9: Cavolfiore con salsa al burro di arachidi | B9: altro | C9: No | D9: Sì | E9: Sì | H9: insalatina
A10: Chicken biryani | B10: carne bianca | C10: No | D10: Sì | E10: No | F10: No
A11: Cavolfiore alla cantonese | B11: altro | C11: No | D11: Sì | E11: No | F11: No
A12: Cosce di pollo in padella con patate | B12: carne bianca | C12: Sì | D12: Sì | E12: No | F12: No
A13: Cosi di pasta sfoglia con cipolle caramellate e formaggio di capra | B13: altro | C13: Sì | D13: No | E13: Sì | F13: No
A14: Dal di lenticchie | B14: legumi | C14: Sì | D14: Sì | E14: Sì | F14: Sì
A15: Fettine panate | B15: carne rossa | C15: Sì | D15: Sì | E15: No | F15: No
A16: Fonduta con crudité | B16: altro | C16: No | D16: Sì | E16: Sì | F16: No
A17: Frittata agli asparagi | B17: uova | C17: Sì | D17: Sì | E17: Sì | F17: No
A18: Frittata ai funghi | B18: uova | C18: Sì | D18: Sì | E18: Sì | F18: No
A19: Frittata di patate | B19: uova | C19: Sì | D19: Sì | E19: Sì | F19: No
A20: Frittata di zucchine | B20: uova | C20: No | D20: Sì | E20: Sì | F20: No
A21: Gyoza in salsa Jay | B21: altro | C21: Sì | D21: No
A22: Jackfruit al curry | B22: altro | C22: Sì | D22: Sì | E22: Sì | F22: Sì
A23: Lasagna al ragù | B23: altro | C23: No | D23: Sì | E23: No | F23: No
A24: Lasagna vegetariana | B24: altro | C24: No | D24: Sì | E24: Sì | F24: No
A25: Lenticchie e feta | B25: legumi | C25: Sì | D25: Sì | E25: Sì | F25: No
A26: Melanzane con melograno | B26: altro | C26: No | D26: Sì | E26: Sì | F26: Sì
A27: Minestrone passato | B27: altro | C27: No | D27: Sì | E27: Sì | F27: Sì
A28: Orate al forno con patate | B28: pesce | C28: Sì | D28: Sì | E28: No | F28: No
A29: Pasta e fagioli | B29: altro | C29: Sì | D29: Sì | E29: Sì | F29: Sì
A30: Patate, broccolo e salsiccia | B30: carne rossa | C30: No | D30: Sì | E30: No | F30: No
A31: Pesce finto | B31: pesce | C31: Sì | D31: Sì | E31: No | F31: No
A32: Pescetto al limone con patate | B32: pesce | C32: Sì | D32: Sì | E32: No | F32: No
A33: Pizzette di melanzane | B33: altro | C33: No | D33: Sì | E33: No | F33: No
... A65: Zuppa di cipolle | B65: altro | C65: No | D65: Sì | E65: Sì | F65: No

Sheet calcs
J2: Contorno 1 | K2: Contorno 2 | L2: Contorno 3 | M2: Contorno 4 | N2: Contorno 5 | O2: Contorno 6 | AA2: 0
H3: =SUM(RDG!C7:H7) -> 6 | P3: =COUNTIF(J4:O6,TRUE) -> 4 | S3: NoUse | AA3: 1
B4: {=IF(RDG!C$7>0,INDEX(_xlfn._xlws.FILTER(Ricette!$A$2:$A$213,(Ricette!$B$2:$B$213=RDG!C$6)*(Ricette!$D$2:$D$213="Sì")), RANDBETWEEN(1, COUNTA(_xlfn._xlws.FILTER(Ricette!$A$2:$A$213,(Ricette!$B$2:$B$213=RDG!C$6)*(Ricette!$D$2:$D$213="Sì"))))),"")} | C4: {=IF(RDG!D$7>0,INDEX(_xlfn._xlws.FILTER(Ricette!$A$2:$A$213,(Ricette!$B$2:$B$213=RDG!D$6)*(Ricette!$D$2:$D$213="Sì")), RANDBETWEEN(1, COUNTA(_xlfn._xlws.FILTER(Ricette!$A$2:$A$213,(Ricette!$B$2:$B$213=RDG!D$6)*(Ricette!$D$2:$D$213="Sì"))))),"")} | D4: {=IF(RDG!E$7>0,INDEX(_xlfn._xlws.FILTER(Ricette!$A$2:$A$213,(Ricette!$B$2:$B$213=RDG!E$6)*(Ricette!$D$2:$D$213="Sì")), RANDBETWEEN(1, COUNTA(_xlfn._xlws.FILTER(Ricette!$A$2:$A$213,(Ricette!$B$2:$B$213=RDG!E$6)*(Ricette!$D$2:$D$213="Sì"))))),"")} | E4: {=IF(RDG!F$7>0,INDEX(_xlfn._xlws.FILTER(Ricette!$A$2:$A$213,(Ricette!$B$2:$B$213=RDG!F$6)*(Ricette!$D$2:$D$213="Sì")), RANDBETWEEN(1, COUNTA(_xlfn._xlws.FILTER(Ricette!$A$2:$A$213,(Ricette!$B$2:$B$213=RDG!F$6)*(Ricette!$D$2:$D$213="Sì"))))),"")} | F4: {=IF(RDG!G$7>0,INDEX(_xlfn._xlws.FILTER(Ricette!$A$2:$A$213,(Ricette!$B$2:$B$213=RDG!G$6)*(Ricette!$D$2:$D$213="Sì")), RANDBETWEEN(1, COUNTA(_xlfn._xlws.FILTER(Ricette!$A$2:$A$213,(Ricette!$B$2:$B$213=RDG!G$6)*(Ricette!$D$2:$D$213="Sì"))))),"")} -> Tonno e fagioli | G4: {=IF(RDG!H$7>0,INDEX(_xlfn._xlws.FILTER(Ricette!$A$2:$A$213,(Ricette!$B$2:$B$213=RDG!H$6)*(Ricette!$D$2:$D$213="Sì")), RANDBETWEEN(1, COUNTA(_xlfn._xlws.FILTER(Ricette!$A$2:$A$213,(Ricette!$B$2:$B$213=RDG!H$6)*(Ricette!$D$2:$D$213="Sì"))))),"")} -> Zuppa di carote | J4: =IF(VLOOKUP(B4,Ricette!$A$2:$F$213,3)="Sì",TRUE,FALSE) -> #N/A | K4: =IF(VLOOKUP(C4,Ricette!$A$2:$F$213,3)="Sì",TRUE,FALSE) -> #N/A | L4: =IF(VLOOKUP(D4,Ricette!$A$2:$F$213,3)="Sì",TRUE,FALSE) -> #N/A | M4: =IF(VLOOKUP(E4,Ricette!$A$2:$F$213,3)="Sì",TRUE,FALSE) -> #N/A | N4: =IF(VLOOKUP(F4,Ricette!$A$2:$F$213,3)="Sì",TRUE,FALSE) -> TRUE | O4: =IF(VLOOKUP(G4,Ricette!$A$2:$F$213,3)="Sì",TRUE,FALSE) -> FALSE | P4: 1 | Q4: {=IF($P$3>=P4,INDEX(Ricette!$H$2:$H$9, RANDBETWEEN(1,COUNTA(Ricette!$H$2:$H$14))),"")} -> asparagi croccantini | R4: {=_xlfn.SORTBY(_xlfn.SEQUENCE(ROWS(Ricette!$H$2:$H$8)), _xlfn.RANDARRAY(ROWS(Ricette!$H$2:$H$8)))} -> 2 | S4: {=IF(P3>0,INDEX(Ricette!$H$2:$H$8, INDEX(_xlfn.SORTBY(_xlfn.SEQUENCE(ROWS(Ricette!$H$2:$H$8)), _xlfn.RANDARRAY(ROWS(Ricette!$H$2:$H$8))), _xlfn.SEQUENCE(calcs!P3))),"")} -> spinaci | AA4: 2
B5: {=IF(RDG!C$7>1,INDEX(_xlfn._xlws.FILTER(Ricette!$A$2:$A$213,(Ricette!$B$2:$B$213=RDG!C$6)*(Ricette!$A$2:$A$213<>B$4)*(Ricette!$D$2:$D$213="Sì")), RANDBETWEEN(1, COUNTA(_xlfn._xlws.FILTER(Ricette!$A$2:$A$213,(Ricette!$B$2:$B$213=RDG!C$6)*(Ricette!$A$2:$A$213<>B$4)*(Ricette!$D$2:$D$213="Sì"))))),"")} | C5: {=IF(RDG!D$7>1,INDEX(_xlfn._xlws.FILTER(Ricette!$A$2:$A$213,(Ricette!$B$2:$B$213=RDG!D$6)*(Ricette!$A$2:$A$213<>C$4)*(Ricette!$D$2:$D$213="Sì")), RANDBETWEEN(1, COUNTA(_xlfn._xlws.FILTER(Ricette!$A$2:$A$213,(Ricette!$B$2:$B$213=RDG!D$6)*(Ricette!$A$2:$A$213<>C$4)*(Ricette!$D$2:$D$213="Sì"))))),"")} | D5: {=IF(RDG!E$7>1,INDEX(_xlfn._xlws.FILTER(Ricette!$A$2:$A$213,(Ricette!$B$2:$B$213=RDG!E$6)*(Ricette!$A$2:$A$213<>D$4)*(Ricette!$D$2:$D$213="Sì")), RANDBETWEEN(1, COUNTA(_xlfn._xlws.FILTER(Ricette!$A$2:$A$213,(Ricette!$B$2:$B$213=RDG!E$6)*(Ricette!$A$2:$A$213<>D$4)*(Ricette!$D$2:$D$213="Sì"))))),"")} | E5: {=IF(RDG!F$7>1,INDEX(_xlfn._xlws.FILTER(Ricette!$A$2:$A$213,(Ricette!$B$2:$B$213=RDG!F$6)*(Ricette!$A$2:$A$213<>E$4)*(Ricette!$D$2:$D$213="Sì")), RANDBETWEEN(1, COUNTA(_xlfn._xlws.FILTER(Ricette!$A$2:$A$213,(Ricette!$B$2:$B$213=RDG!F$6)*(Ricette!$A$2:$A$213<>E$4)*(Ricette!$D$2:$D$213="Sì"))))),"")} | F5: {=IF(RDG!G$7>1,INDEX(_xlfn._xlws.FILTER(Ricette!$A$2:$A$213,(Ricette!$B$2:$B$213=RDG!G$6)*(Ricette!$A$2:$A$213<>F$4)*(Ricette!$D$2:$D$213="Sì")), RANDBETWEEN(1, COUNTA(_xlfn._xlws.FILTER(Ricette!$A$2:$A$213,(Ricette!$B$2:$B$213=RDG!G$6)*(Ricette!$A$2:$A$213<>F$4)*(Ricette!$D$2:$D$213="Sì"))))),"")} -> Dal di lenticchie | G5: {=IF(RDG!H$7>1,INDEX(_xlfn._xlws.FILTER(Ricette!$A$2:$A$213,(Ricette!$B$2:$B$213=RDG!H$6)*(Ricette!$A$2:$A$213<>G$4)*(Ricette!$D$2:$D$213="Sì")), RANDBETWEEN(1, COUNTA(_xlfn._xlws.FILTER(Ricette!$A$2:$A$213,(Ricette!$B$2:$B$213=RDG!H$6)*(Ricette!$A$2:$A$213<>G$4)*(Ricette!$D$2:$D$213="Sì"))))),"")} -> Melanzane con melograno | J5: =IF(VLOOKUP(B5,Ricette!$A$2:$F$213,3)="Sì",TRUE,FALSE) -> #N/A | K5: =IF(VLOOKUP(C5,Ricette!$A$2:$F$213,3)="Sì",TRUE,FALSE) -> #N/A | L5: =IF(VLOOKUP(D5,Ricette!$A$2:$F$213,3)="Sì",TRUE,FALSE) -> #N/A | M5: =IF(VLOOKUP(E5,Ricette!$A$2:$F$213,3)="Sì",TRUE,FALSE) -> #N/A | N5: =IF(VLOOKUP(F5,Ricette!$A$2:$F$213,3)="Sì",TRUE,FALSE) -> TRUE | O5: =IF(VLOOKUP(G5,Ricette!$A$2:$F$213,3)="Sì",TRUE,FALSE) -> FALSE | P5: 2 | Q5: {=IF($P$3>=P5,INDEX(Ricette!$H$2:$H$9, RANDBETWEEN(1,COUNTA(Ricette!$H$2:$H$14))),"")} -> fagiolini | R5: 5 | S5: insalata di pomodori | AA5: 3
B6: {=IF(RDG!C$7>2,INDEX(_xlfn._xlws.FILTER(Ricette!$A$2:$A$213,(Ricette!$B$2:$B$213=RDG!C$6)*(Ricette!$A$2:$A$213<>B$4)*(Ricette!$A$2:$A$213<>B$5)*(Ricette!$D$2:$D$213="Sì")), RANDBETWEEN(1, COUNTA(_xlfn._xlws.FILTER(Ricette!$A$2:$A$213,(Ricette!$B$2:$B$213=RDG!C$6)*(Ricette!$A$2:$A$213<>B$4)*(Ricette!$A$2:$A$213<>B$5)*(Ricette!$D$2:$D$213="Sì"))))),"")} | C6: {=IF(RDG!D$7>2,INDEX(_xlfn._xlws.FILTER(Ricette!$A$2:$A$213,(Ricette!$B$2:$B$213=RDG!D$6)*(Ricette!$A$2:$A$213<>C$4)*(Ricette!$A$2:$A$213<>C$5)*(Ricette!$D$2:$D$213="Sì")), RANDBETWEEN(1, COUNTA(_xlfn._xlws.FILTER(Ricette!$A$2:$A$213,(Ricette!$B$2:$B$213=RDG!D$6)*(Ricette!$A$2:$A$213<>C$4)*(Ricette!$A$2:$A$213<>C$5)*(Ricette!$D$2:$D$213="Sì"))))),"")} | D6: {=IF(RDG!E$7>2,INDEX(_xlfn._xlws.FILTER(Ricette!$A$2:$A$213,(Ricette!$B$2:$B$213=RDG!E$6)*(Ricette!$A$2:$A$213<>D$4)*(Ricette!$A$2:$A$213<>D$5)*(Ricette!$D$2:$D$213="Sì")), RANDBETWEEN(1, COUNTA(_xlfn._xlws.FILTER(Ricette!$A$2:$A$213,(Ricette!$B$2:$B$213=RDG!E$6)*(Ricette!$A$2:$A$213<>D$4)*(Ricette!$A$2:$A$213<>D$5)*(Ricette!$D$2:$D$213="Sì"))))),"")} | E6: {=IF(RDG!F$7>2,INDEX(_xlfn._xlws.FILTER(Ricette!$A$2:$A$213,(Ricette!$B$2:$B$213=RDG!F$6)*(Ricette!$A$2:$A$213<>E$4)*(Ricette!$A$2:$A$213<>E$5)*(Ricette!$D$2:$D$213="Sì")), RANDBETWEEN(1, COUNTA(_xlfn._xlws.FILTER(Ricette!$A$2:$A$213,(Ricette!$B$2:$B$213=RDG!F$6)*(Ricette!$A$2:$A$213<>E$4)*(Ricette!$A$2:$A$213<>E$5)*(Ricette!$D$2:$D$213="Sì"))))),"")} | F6: {=IF(RDG!G$7>2,INDEX(_xlfn._xlws.FILTER(Ricette!$A$2:$A$213,(Ricette!$B$2:$B$213=RDG!G$6)*(Ricette!$A$2:$A$213<>F$4)*(Ricette!$A$2:$A$213<>F$5)*(Ricette!$D$2:$D$213="Sì")), RANDBETWEEN(1, COUNTA(_xlfn._xlws.FILTER(Ricette!$A$2:$A$213,(Ricette!$B$2:$B$213=RDG!G$6)*(Ricette!$A$2:$A$213<>F$4)*(Ricette!$A$2:$A$213<>F$5)*(Ricette!$D$2:$D$213="Sì"))))),"")} -> Lenticchie e feta | G6: {=IF(RDG!H$7>2,INDEX(_xlfn._xlws.FILTER(Ricette!$A$2:$A$213,(Ricette!$B$2:$B$213=RDG!H$6)*(Ricette!$A$2:$A$213<>G$4)*(Ricette!$A$2:$A$213<>G$5)*(Ricette!$D$2:$D$213="Sì")), RANDBETWEEN(1, COUNTA(_xlfn._xlws.FILTER(Ricette!$A$2:$A$213,(Ricette!$B$2:$B$213=RDG!H$6)*(Ricette!$A$2:$A$213<>G$4)*(Ricette!$A$2:$A$213<>G$5)*(Ricette!$D$2:$D$213="Sì"))))),"")} -> Pasta e fagioli | J6: =IF(VLOOKUP(B6,Ricette!$A$2:$F$213,3)="Sì",TRUE,FALSE) -> #N/A | K6: =IF(VLOOKUP(C6,Ricette!$A$2:$F$213,3)="Sì",TRUE,FALSE) -> #N/A | L6: =IF(VLOOKUP(D6,Ricette!$A$2:$F$213,3)="Sì",TRUE,FALSE) -> #N/A | M6: =IF(VLOOKUP(E6,Ricette!$A$2:$F$213,3)="Sì",TRUE,FALSE) -> #N/A | N6: =IF(VLOOKUP(F6,Ricette!$A$2:$F$213,3)="Sì",TRUE,FALSE) -> TRUE | O6: =IF(VLOOKUP(G6,Ricette!$A$2:$F$213,3)="Sì",TRUE,FALSE) -> TRUE | P6: 3 | Q6: {=IF($P$3>=P6,INDEX(Ricette!$H$2:$H$9, RANDBETWEEN(1,COUNTA(Ricette!$H$2:$H$14))),"")} -> pak choi | R6: 4 | S6: friarelli
P7: 4 | Q7: {=IF($P$3>=P7,INDEX(Ricette!$H$2:$H$9, RANDBETWEEN(1,COUNTA(Ricette!$H$2:$H$14))),"")} -> insalata di pomodori | R7: 7 | S7: fagiolini
P8: 5 | Q8: {=IF($P$3>=P8,INDEX(Ricette!$H$2:$H$9, RANDBETWEEN(1,COUNTA(Ricette!$H$2:$H$14))),"")} | R8: 1
P9: 6 | Q9: {=IF($P$3>=P9,INDEX(Ricette!$H$2:$H$9, RANDBETWEEN(1,COUNTA(Ricette!$H$2:$H$14))),"")} | R9: 6
P10: 7 | Q10: {=IF($P$3>=P10,INDEX(Ricette!$H$2:$H$9, RANDBETWEEN(1,COUNTA(Ricette!$H$2:$H$14))),"")} | R10: 3
P11: 8 | Q11: {=IF($P$3>=P11,INDEX(Ricette!$H$2:$H$9, RANDBETWEEN(1,COUNTA(Ricette!$H$2:$H$14))),"")}
P12: 9 | Q12: {=IF($P$3>=P12,INDEX(Ricette!$H$2:$H$9, RANDBETWEEN(1,COUNTA(Ricette!$H$2:$H$14))),"")}
P13: 10 | Q13: {=IF($P$3>=P13,INDEX(Ricette!$H$2:$H$9, RANDBETWEEN(1,COUNTA(Ricette!$H$2:$H$14))),"")}
A14: 0 | B14: {=IFERROR(IF(INDEX($J$4:$O$6,QUOTIENT(A14,6)+1,MOD(A14,6)+1)=TRUE,TRUE,FALSE),"")} | C14: =IF(B14=TRUE,C13+1,C13) -> 0 | D14: {=IFERROR(IF(INDEX($J$4:$O$6,QUOTIENT(A14,6)+1,MOD(A14,6)+1)=TRUE,INDEX($B$4:$G$6,QUOTIENT(A14,6)+1,MOD(A14,6)+1)&" con "&INDEX($Q$4:$Q$11,C14),INDEX($B$4:$G$6,QUOTIENT(A14,6)+1,MOD(A14,6)+1)),"")}
A15: 1 | B15: {=IFERROR(IF(INDEX($J$4:$O$6,QUOTIENT(A15,6)+1,MOD(A15,6)+1)=TRUE,TRUE,FALSE),"")} | C15: =IF(B15=TRUE,C14+1,C14) -> 0 | D15: {=IFERROR(IF(INDEX($J$4:$O$6,QUOTIENT(A15,6)+1,MOD(A15,6)+1)=TRUE,INDEX($B$4:$G$6,QUOTIENT(A15,6)+1,MOD(A15,6)+1)&" con "&INDEX($Q$4:$Q$11,C15),INDEX($B$4:$G$6,QUOTIENT(A15,6)+1,MOD(A15,6)+1)),"")}
A16: 2 | B16: {=IFERROR(IF(INDEX($J$4:$O$6,QUOTIENT(A16,6)+1,MOD(A16,6)+1)=TRUE,TRUE,FALSE),"")} | C16: =IF(B16=TRUE,C15+1,C15) -> 0 | D16: {=IFERROR(IF(INDEX($J$4:$O$6,QUOTIENT(A16,6)+1,MOD(A16,6)+1)=TRUE,INDEX($B$4:$G$6,QUOTIENT(A16,6)+1,MOD(A16,6)+1)&" con "&INDEX($Q$4:$Q$11,C16),INDEX($B$4:$G$6,QUOTIENT(A16,6)+1,MOD(A16,6)+1)),"")}
A17: 3 | B17: {=IFERROR(IF(INDEX($J$4:$O$6,QUOTIENT(A17,6)+1,MOD(A17,6)+1)=TRUE,TRUE,FALSE),"")} | C17: =IF(B17=TRUE,C16+1,C16) -> 0 | D17: {=IFERROR(IF(INDEX($J$4:$O$6,QUOTIENT(A17,6)+1,MOD(A17,6)+1)=TRUE,INDEX($B$4:$G$6,QUOTIENT(A17,6)+1,MOD(A17,6)+1)&" con "&INDEX($Q$4:$Q$11,C17),INDEX($B$4:$G$6,QUOTIENT(A17,6)+1,MOD(A17,6)+1)),"")}
A18: 4 | B18: {=IFERROR(IF(INDEX($J$4:$O$6,QUOTIENT(A18,6)+1,MOD(A18,6)+1)=TRUE,TRUE,FALSE),"")} -> TRUE | C18: =IF(B18=TRUE,C17+1,C17) -> 1 | D18: {=IFERROR(IF(INDEX($J$4:$O$6,QUOTIENT(A18,6)+1,MOD(A18,6)+1)=TRUE,INDEX($B$4:$G$6,QUOTIENT(A18,6)+1,MOD(A18,6)+1)&" con "&INDEX($Q$4:$Q$11,C18),INDEX($B$4:$G$6,QUOTIENT(A18,6)+1,MOD(A18,6)+1)),"")} -> Tonno e fagioli con asparagi croccantini
A19: 5 | B19: {=IFERROR(IF(INDEX($J$4:$O$6,QUOTIENT(A19,6)+1,MOD(A19,6)+1)=TRUE,TRUE,FALSE),"")} -> FALSE | C19: =IF(B19=TRUE,C18+1,C18) -> 1 | D19: {=IFERROR(IF(INDEX($J$4:$O$6,QUOTIENT(A19,6)+1,MOD(A19,6)+1)=TRUE,INDEX($B$4:$G$6,QUOTIENT(A19,6)+1,MOD(A19,6)+1)&" con "&INDEX($Q$4:$Q$11,C19),INDEX($B$4:$G$6,QUOTIENT(A19,6)+1,MOD(A19,6)+1)),"")} -> Zuppa di carote
A20: 6 | B20: {=IFERROR(IF(INDEX($J$4:$O$6,QUOTIENT(A20,6)+1,MOD(A20,6)+1)=TRUE,TRUE,FALSE),"")} | C20: =IF(B20=TRUE,C19+1,C19) -> 1 | D20: {=IFERROR(IF(INDEX($J$4:$O$6,QUOTIENT(A20,6)+1,MOD(A20,6)+1)=TRUE,INDEX($B$4:$G$6,QUOTIENT(A20,6)+1,MOD(A20,6)+1)&" con "&INDEX($Q$4:$Q$11,C20),INDEX($B$4:$G$6,QUOTIENT(A20,6)+1,MOD(A20,6)+1)),"")}
A21: 7 | B21: {=IFERROR(IF(INDEX($J$4:$O$6,QUOTIENT(A21,6)+1,MOD(A21,6)+1)=TRUE,TRUE,FALSE),"")} | C21: =IF(B21=TRUE,C20+1,C20) -> 1 | D21: {=IFERROR(IF(INDEX($J$4:$O$6,QUOTIENT(A21,6)+1,MOD(A21,6)+1)=TRUE,INDEX($B$4:$G$6,QUOTIENT(A21,6)+1,MOD(A21,6)+1)&" con "&INDEX($Q$4:$Q$11,C21),INDEX($B$4:$G$6,QUOTIENT(A21,6)+1,MOD(A21,6)+1)),"")}
A22: 8 | B22: {=IFERROR(IF(INDEX($J$4:$O$6,QUOTIENT(A22,6)+1,MOD(A22,6)+1)=TRUE,TRUE,FALSE),"")} | C22: =IF(B22=TRUE,C21+1,C21) -> 1 | D22: {=IFERROR(IF(INDEX($J$4:$O$6,QUOTIENT(A22,6)+1,MOD(A22,6)+1)=TRUE,INDEX($B$4:$G$6,QUOTIENT(A22,6)+1,MOD(A22,6)+1)&" con "&INDEX($Q$4:$Q$11,C22),INDEX($B$4:$G$6,QUOTIENT(A22,6)+1,MOD(A22,6)+1)),"")}
A23: 9 | B23: {=IFERROR(IF(INDEX($J$4:$O$6,QUOTIENT(A23,6)+1,MOD(A23,6)+1)=TRUE,TRUE,FALSE),"")} | C23: =IF(B23=TRUE,C22+1,C22) -> 1 | D23: {=IFERROR(IF(INDEX($J$4:$O$6,QUOTIENT(A23,6)+1,MOD(A23,6)+1)=TRUE,INDEX($B$4:$G$6,QUOTIENT(A23,6)+1,MOD(A23,6)+1)&" con "&INDEX($Q$4:$Q$11,C23),INDEX($B$4:$G$6,QUOTIENT(A23,6)+1,MOD(A23,6)+1)),"")}
A24: 10 | B24: {=IFERROR(IF(INDEX($J$4:$O$6,QUOTIENT(A24,6)+1,MOD(A24,6)+1)=TRUE,TRUE,FALSE),"")} -> TRUE | C24: =IF(B24=TRUE,C23+1,C23) -> 2 | D24: {=IFERROR(IF(INDEX($J$4:$O$6,QUOTIENT(A24,6)+1,MOD(A24,6)+1)=TRUE,INDEX($B$4:$G$6,QUOTIENT(A24,6)+1,MOD(A24,6)+1)&" con "&INDEX($Q$4:$Q$11,C24),INDEX($B$4:$G$6,QUOTIENT(A24,6)+1,MOD(A24,6)+1)),"")} -> Dal di lenticchie con fagiolini
A25: 11 | B25: {=IFERROR(IF(INDEX($J$4:$O$6,QUOTIENT(A25,6)+1,MOD(A25,6)+1)=TRUE,TRUE,FALSE),"")} -> FALSE | C25: =IF(B25=TRUE,C24+1,C24) -> 2 | D25: {=IFERROR(IF(INDEX($J$4:$O$6,QUOTIENT(A25,6)+1,MOD(A25,6)+1)=TRUE,INDEX($B$4:$G$6,QUOTIENT(A25,6)+1,MOD(A25,6)+1)&" con "&INDEX($Q$4:$Q$11,C25),INDEX($B$4:$G$6,QUOTIENT(A25,6)+1,MOD(A25,6)+1)),"")} -> Melanzane con melograno
... A31: 17 | B31: {=IFERROR(IF(INDEX($J$4:$O$6,QUOTIENT(A31,6)+1,MOD(A31,6)+1)=TRUE,TRUE,FALSE),"")} -> TRUE | C31: =IF(B31=TRUE,C30+1,C30) -> 4 | D31: {=IFERROR(IF(INDEX($J$4:$O$6,QUOTIENT(A31,6)+1,MOD(A31,6)+1)=TRUE,INDEX($B$4:$G$6,QUOTIENT(A31,6)+1,MOD(A31,6)+1)&" con "&INDEX($Q$4:$Q$11,C31),INDEX($B$4:$G$6,QUOTIENT(A31,6)+1,MOD(A31,6)+1)),"")} -> Pasta e fagioli con insalata di pomodori

Sheet RDG
B2: RDG
B4: Random Dinner Generator
B6: Category | C6: carne rossa | D6: carne bianca | E6: pesce | F6: uova | G6: legumi | H6: altro
B7: Number | C7: 0 | D7: 0 | E7: 0 | F7: 0 | G7: 3 | H7: 3
B10: ="Ricette per i prossimi "&calcs!H3&" giorni:" -> Ricette per i prossimi 6 giorni:
B11: {=_xlfn._xlws.SORT(calcs!D14:D31,1,-1)} -> Zuppa di carote
B12: Tonno e fagioli con asparagi croccantini
B13: Pasta e fagioli con insalata di pomodori
B14: Melanzane con melograno
B15: Lenticchie e feta con pak choi
B16: Dal di lenticchie con fagiolini
